"order_id","review_id"
"9aecb82bfe0db20de65127f00bbb158f","66168c22d5a5df09165ed9fea941bfd7"
"6f118f6a730ce35b230974f295f743f9","f51c9e02992e0769176df80c50d9549e"
"5896d753079d9faa8aeaf60231b3e788","32fdac426bf6f97f7cbd250cff7f1ee8"
"0fa7c709db9f55e40527c25ec9f13157","28749be4e9f00ad1305d70a22faa6938"
"566f53fc7d36fa366f7e221468121877","72a1098d5b410ae50fbc0509d26daeb9"
"566f53fc7d36fa366f7e221468121877","c444278834184f72b1484dfe47de7f97"
"a8bbc485329f055ce3addabfbf8d4f86","ef6001a914fa24f13456f06f21c199d2"
"70c77e51e0f179d75a64a614135afb6a","4e9a141db068cf6856ce85ce8c3ef682"
"70c77e51e0f179d75a64a614135afb6a","8a020b6a9a58ad99616b28dd36581106"
"0b3ca8c9e3b3199306adb467fcd0e982","1775bd097716d67420d128df008252eb"
"531a321dff7247e76a5f6c2e702faa99","4f615f8e23d04485efdc97e3af4b9012"
"9fb81511dfc1d6959ed1052930efd8a6","d723ed1c62eb4a87f7935b823cecad07"
"a604a2a16f8f4829f66b913199557243","535b5d68bb93ef233eeb4797f2e95b7e"
"7bb355355c075d74665d97db859cfb45","ec674e3e6774aa776943537a7f2b83de"
"84027696c2bd36b522bbc8a9d0578525","5afa153e3e9b62ff9ac53d9a8b0d2050"
"198d82e095bb34f33adaea72cfd63885","90514cec532749be9a0a0f16d21e4ab5"
"78cd965d0bc0388d390404eee6490c5b","ceacd98e3e378eeef6f553c3056b401e"
"78cd965d0bc0388d390404eee6490c5b","5ad27122555c26796d02523ee8274f51"
"065963d921de479181824ca8d8737935","f6e05a3f6dbc3bdb1ec3068725c67677"
"281a4e1ef3ab9d256027ddd2db90c762","6f3ae5a43a1ce5f0c23a640be902525c"
"8c389c12aa23b689926d20a01729206d","0a2d1206f8b2473cd3ddf69b51bca98a"
"cdf2839409d0f62e2b2e61b62b72dc16","943539772eec674741b3a45d6dcf23b9"
"0a0090ae69392fa38ee742006f8c0a90","0ffae99e57188428340c206afb957a1c"
"5a4ae77af140c48f0cd65b631bdcb342","7809e9182263f632c86c4a8264830c06"
"86a8dda933d2f5ead748b61f816fd181","5c4bd938f98283c5d7145a9d25a89c3e"
"56fcb6d24acb1b94dd4492f663187b69","554fed6e87087688e811a612cf136cd3"
"406e77234ec47031020fa6bf9507b59b","5c4ec52ededab2209d864cf9ae596950"
"565b0bdb5bfef65df5a23890967586f6","9487a43f29708b00c4b6ef5af2441d1f"
"27d9d312e04f1893b26836442d680000","d7396fb0a95a02954cbbd5c26fb02694"
"c96b35cd51435c8c1e70c89a5ad976b3","3536bc6a9be06fa6423255ff54d9a8f4"
"5642f00882c2ab59e001778dc483135f","a8618e617f23ff1f98349417726fe06a"
"2acfdc5131ff2cf4433e668454c9784c","ec3817f305c65d0e88b6d5a00253e625"
"5210b81b464dc0a92a977632cb6e8a6e","8dcd88913fda5d43918241b61f467262"
"8e084e8efad16f27d7f26e71af985ce2","a6093734f3b5955e20d966b9e69f9f71"
"fba5f0680d7e30d3148e17be8bce108d","466783cc2c97a17f9753dca6a1d24b4a"
"2acfdc5131ff2cf4433e668454c9784c","03a6a25db577d0689440933055111897"
"9e8bf3ebc81cc29ee6e934d95370e5bc","1ef17c31c6a710e3cee7853fb387dcc3"
"a47bf2de96db0109440cc21208edcc4f","1c7b8b15de9a2eff8caac4ece3fc0f49"
"a3266d5717615919b50f2d1f62d8c0a8","70be3f25177bd0d08ab572e9c6a2281a"
"3d905f2c25bbcb26fc068e0ca62a4315","ab33285d2a153d33faf0748cc512f496"
"3d905f2c25bbcb26fc068e0ca62a4315","9e0105eb18952aab3e7178ad7e41de62"
"b7c08284b115aea29927fb5c60c35ee3","f6fca12a2dae92684fefd38a8fe4d2a6"
"0b0334d5ad01e008caafb19973bf1acb","6a3fba82de14232496691b56554a7cc9"
"df56e27fb87ba6d4beb70719ffdd707b","355e9ba6b4c5e50226766fd394a0382c"
"1b25b7f6d3514c227d59499f63573fde","b8fdaa6fa509bd1405ee9cdb71258f64"
"abef8b5d0f7fa066c7473db7d650c870","b118cdef6c3c167e2c6b4db66a80c9f6"
"ce59496beb223906ab55f6bce7fa86f5","59294cb7699ef93d259c880d02b00ec1"
"3e272c0e88b4c65c4480ef4d2ca44b92","4df65f02a2c0b23d6b74fccef84d1974"
"c8b5282d408a1646c2b36a65f3d6fc80","d2b8f267fe502fdce6f7ab281769a641"
"7845a2492ab1b4f2cf3d56c7b8da1446","8566d94f7bf3bedbb4ca6a29725fc382"
"412e4fb4c148a6d31f905c16481d75e6","10398bad17ab17c451c39a0b2c47464c"
"412e4fb4c148a6d31f905c16481d75e6","bee62df4971660d173dc75562129886e"
"3d0acef161147c90c2fd5e7cd8e199e1","1258a603cc9e4897f7955ab218c83b8c"
"9c9d1799a0c105b12976da39ae431d1c","5a7142e97f58c992e5c19043f70ac1c5"
"d36b13fdc087b62c490a9db5c0e0a913","0837bc8fa2cb75353513858b3bb5be1d"
"4f9f24f1dd52ecdf0684a63eaf36c51b","0bb958acd9e40d9348635c75013f7b19"
"6401cfe160d72392195bd6e311a582cd","d6096704b4ee25d0336dc056f119f70c"
"ca912a872db02043825792fbae103921","85110eedf5dc420ec905b72c2cee2432"
"6561717586fb2d3ae85fce2964f600e1","0e18d426420da859dfd6fb4beaba9efe"
"38beac7cca7c937da89f8aedee76f944","fb96ea2ef8cce1c888f4d45c8e22b793"
"77ef3216467887c78ddec18de86a58b9","6fbd8ef5367bd723d426167e479c7326"
"77ef3216467887c78ddec18de86a58b9","12f2fd663de5670387805fd70ece2e21"
"3c8c15b1af4ebac663b1e5645cd05506","d672a3187b060908887a8ae9808cc02a"
"a30cadd1758dccbec1ba83a6d672fd1c","1bda8c20e199f7c2e9a342600031518b"
"aa2ae4efd578f1c304128a899e4d1a17","7649f28b65ccbc21f948f7b2382e5c61"
"10f288cd8e6f4add2454d845e9df5af6","b86b60b19d7ff8f19b2e7998ab14f5ca"
"f74be888995a543e2047e942e08a9960","b703764760e6e5d534a8940a12fca101"
"99ad3ef53ed8bbe225a2bdc5b92f4ea9","a961f72f8805e9e56ab2def010b6fac9"
"ec323db17a13fc07c4b07f0f7f86986d","b333c405c7febfd0b23a7e7461cd573d"
"ec323db17a13fc07c4b07f0f7f86986d","e172fbd3bc58839905fd9c854c5119a5"
"dcd164b97935d9b049b44ce46d77d06f","e460d305de9d3cad98ce337c56706a71"
"ac6e61336e852cdc45fe59ada3763a66","2172867fd5b1a55f98fe4608e1547b4b"
"54b4da510fed5dc3cf3e7a8e50a5f224","957011305e7a4b6c8a266eeeb8e0316d"
"f99baadda882046359a8c3d699e0267c","775f84ba33ff35e67ca4c288347555ac"
"a79c4dca347540e1263b2b750b92d8ab","1c7e1a24358cea9db1eecc6987843a28"
"33f1e992ba3e439bfd0d432164a3d44a","44cc3ff63b7074e53cb78bb7c940a85a"
"bbf1da6f38b4bbebb7ecde7ce65cd47d","81d042d1f892d33b08d2c58aea56f72c"
"73d7d0526bf2242f422fb6c85751dce4","5838f546d8d940f8ec5ea405aa73571a"
"49d3db2a02106c24d6ef800bd8ad5546","d6d5c4f6a64c5fccf2c3b7bbbe6143b2"
"129c72226e320a7bf5b89efce442afd5","e7452eb647855255b2045780c7e90097"
"3a70ea20517224ef5bcb72742f0cc439","6b53b5ee362ec284dcaca9a653645b58"
"7d52cc13ad48508237527a8681689106","e74f725def896ab2694ac05b8af4f78e"
"7902f1e4e448f0d59d80e60bc25ec61c","67f300be4fddb206e5fad4e8a3bcda0c"
"7902f1e4e448f0d59d80e60bc25ec61c","ca2fb34d8c9fc880f0f94dde4b17e8e3"
"7b74647ef95b9578401bd8a4f723b301","c90c495e88650f64aca79bbb2daac46c"
"ab97ff9b268ca7e6f9f741cd843363e3","98ee53c394ad7d39a800e8b1c004b44a"
"e1e8e3bca903de27e9a1c72b5a5795e0","034528cb00b6bc981847acafbdf2ae0b"
"aa9f47b4e7c06b6c495bf26fff85bb17","ea88898e75d153da5b7656e8e0d48fb8"
"094067c0f56b5d0a4dbad0aa60bd26a6","4f8d13f64ba0eeeeaac793133f265048"
"2af768daf2646f316e9457e1f10b2428","1b5dc3da2372e9bb5518cd37cd9a9354"
"2af768daf2646f316e9457e1f10b2428","a57234928196a67db08f6a41adbb26fe"
"173be97f981ae72384ff95a719544e7e","561fea58ddff8654c7f076c4d1e91454"
"9e677b4bbd5d55506d4d8f1e5182dcb9","a163c2bb07914cd66030081de2399253"
"44cb884118c81bf6db2f43cf11ab63d6","4f224f6675cdf8c9bb07d4d6d6927e24"
"44cb884118c81bf6db2f43cf11ab63d6","22fef74f256389ce01a0886104f0c490"
"de1b36816c8787f530a0c336e2598c12","8971d0d95ef7f2fd30556b3447f24f58"
"b798fc527c548bfa5f069b5b29195275","393907d8e4b794865eff74489af712aa"
"0b5588f04551d90ee148462bb65dfddf","ebafde0e0d7cc00d0af52d25a3ba12fd"
"63bfa2fa974302f74839f89adc439305","1f97f75959fdde611d52fde0a4ef310c"
"19d468d1424d2a259a1f3d3fa073f41a","3d0746e0f8bf4bd55b7b3f3dd385b828"
"6bc458836ecef86dca3afa67523f4268","f7c09559f529e0e8b2b5f4d0414a772f"
"725c0e3b1689714b8acfa0b09022e600","83b255536c31bd6ce651d89102b19b0a"
"ccb44718a5b5b8bde31b24e888d56d09","70a8116eca10985774c366724e7c57d4"
"504ec2b6f69e898c557955750272d563","a183a68b4c4fa3df2e107be10c94b7bd"
"e3b0455644fb8ac73c848e9f744c5e06","83d90d9dd2cc90dc50094208d8b29ad7"
"374a125372cffb30e8e2df55f8448da4","183808dc516fab3df74b087310299cf0"
"cb0ee3ab469cd28fb41ecb23abd8e2ba","ddacc3ef27deefcbf5c3d7565a1e6270"
"8f22b4b97d1fd2f187f3106ffb0021c4","268d71995d6c0c472faf0f13b442a00e"
"03ee63602079004d0098fecfc1d4cfe7","b02a40c3ff2dd7ebdc31e625788c50ee"
"8f22b4b97d1fd2f187f3106ffb0021c4","6e9bca18453897350cc1ad6c1bed49ef"
"8f35c9d6cb15b3bc14a4a88374c6d3d6","9ea72755ef171e35b7b68ec0c8ed822c"
"1041d437bb0a4bcfeb3a107426f2d5f5","316278ed8c88717c6bab557484f06d7b"
"1041d437bb0a4bcfeb3a107426f2d5f5","3c6c87497f43589617a026ffffda58b0"
"26f12055119a6272956b9ceaef2a6233","ae9ac61bd78536846abaf469731237d6"
"3ff220e93d03aad9bb6767d90ac0e846","f09eb55a7410e8624c0d538b856b9580"
"3ff220e93d03aad9bb6767d90ac0e846","54daab04440b00f318d2c9a0854aafc0"
"096ff3d928fd9b00eed2c839ad0c2223","a3a174dbf8bf3e1ad821890ede142c99"
"ef22458e7cfa237cd68b3be657f4f0c8","dd43a798c9e8baf7b69297bb076c517d"
"bc8446f693e6c406e28d5cee739dc4cd","9282f8481d3fff93b5fc444eb5c934e2"
"7aaffbd34cee1970afc42ae26489ca31","8b80c267f4defd196be570155c27178f"
"28a32ec11abbac5c27adfa4d8cbc351a","c76d214753231e86d69154aca0bdfdda"
"28a32ec11abbac5c27adfa4d8cbc351a","f56e0a08e5f3df2afdc49b16eb4393db"
"d43872a5beeeefe86421f622da91fb38","73ee4a22d6266774e108026515180a22"
"e832fe7f7808b5f981ee02746681d40e","7f7241edd813156265f1fc98b45c1a34"
"4ee4b8462b9a39ac1fa86e28bcc22ad3","f45e3373e177f56944a549ff601f838b"
"6813024343da715f4461d785148f298e","a71726d518ede586d51efacfeb2ade2c"
"53402e7be9b39753e8382ef11fe74a2e","bebd0c23d7791cb07b4eb3e459e5920b"
"ea147e73648571e7ae04cfc2ba96aa35","b0f9a0e44435051de426b180a630a0b4"
"50efee8af80ee7bee6e41e0e70d58c6c","12022924f5be5dbc7cfd34dba587b221"
"e22de883eaec82ecd47950dffc8e63f4","98a3d398350fe29005e23133e52dbe46"
"ff763b73e473d03c321bcd5a053316e8","c56a88a404315a0d9e412c1472dda2c4"
"3529da555e9238eaa0ac000c0ee4fb05","867f7f9b39b491fac595bc4590a182de"
"807303007d46225288462ecc115905fe","33904eb082710bbb2db537483596adc4"
"19f4c2e829ebee01e0d2a9ea2168929d","5fd19c3d05229eb9a93bc839b2536488"
"1a3ccc1695931b2cb7a95065e0c81e4b","baa56bf0b94ee6f09cd85fba21271c86"
"460c774494e4c1e4a5a4c6f05f29e2c5","44e1ef4675c1eba1f0cf43a36be612ef"
"d3d6788577c9592da441752e8a1dd5e3","8f5b66ebafa5c69767c42dfeacfb4c86"
"ff763b73e473d03c321bcd5a053316e8","5e78482ee783451be6026e5cf0c72de1"
"62bc181a6d897eba7057bb531ea5f094","5b5d6671a9a749006c26373a40707158"
"b45d11b61c2a68756bbbd7665d67e812","b4dffda6cbf1a5a615b2a8f146bdbddd"
"adb5229ba2403ffab5e2b7cd6e33459e","896868ccab0573ea9bebcb28a306788f"
"d0d30d1f6b48c8e1266d9b960dc191d5","2aff17b27e1fa4125d6d9e9800b22d07"
"81dec63f48ee4e24401d392921393ab3","40bb722a8b4a84fae3d5d45dfe0fa631"
"07f5bb6759aecb6dd999fea544057758","8ca5764890772ed8dca028e1c969d898"
"db92613c074f00e53066388d48ad7512","02aa7f5f75e964e3c7efa59a1f515281"
"2a4390df447b55c9fc49b6b97a786292","a2d62a57e2b5e70a60997378ae059c07"
"19fe6cd13dca5943f17abd2c37c46abd","d23bba9a2f1d16e5505a02e5968c1e68"
"ea974c111a2a711f43305d2968ffa86e","c509f8b367ee5227700c29fcc76a097a"
"d2cf258da81ae1043667e2f77c510deb","5e728b72bbe8e793ad1c12e93a9fe9aa"
"2d4f4cfa89af135842ed4770de178752","09b871b3f4f85d3595cb37054a9105f1"
"62bc181a6d897eba7057bb531ea5f094","51f8d7ba9221dc818368c967e4beded3"
"52d95b0538fecb3014db141985d65d64","4f01834baa95e8393c109248cc1fdcf9"
"52d95b0538fecb3014db141985d65d64","87907dcffd28bd5bfad86965165460b9"
"171c622bc5e64b427c2708aac335fe6c","7c7d0a7bb5f4b7e668c4e00a931ccbf4"
"1544b91291000836c72384f035436fbf","6413878714ae36e3be4b63a827029b94"
"806c224e302c85404164d60601ee3c10","67e4e1e5a5f1e9f133b7e92eff1509de"
"fdfc39ba2a42ef960515eb82d4dd84e2","5cf2a701def88cbc0317b30c867cd457"
"574c4ecf7699daffc21fc04eb876b8a8","eb632ac43fa0e0b1455adde073a04d0f"
"b7bb38752b1d8e0b56a6a0633907e66f","4994fe478b3f3ebda4db5988f417b6a4"
"7139a3b215ea730e2db624cc99820578","789297e8410caf139434c34f73a879bc"
"7139a3b215ea730e2db624cc99820578","30153632ebb19a673c80aa1b13e94c3d"
"b37a7e90838d63c38152d2f8c432a726","a334abcb91df2132f817e0ae76ee5d55"
"b37a7e90838d63c38152d2f8c432a726","167b40b617e650de2c473d70baae2e65"
"c879dff70ad9d2d3c315fc40492c660e","ca8e5e40f55fbffaa631de686b627dde"
"9725a1c59138f30c5dba936ca3a2de34","b85476ba79cb6e9994f1d86a60d645f8"
"645ae1a102627b74a009fe24909476c8","b29c2e66b40603d57bf2ea07a7757b71"
"c2792ecd230f2d8f50741f6b37649fb1","6a6275671468d945f74a45201293fdf6"
"765bb3ceb5fc35d9d71f6807ce32426d","4c296fc936ca8810d2b488cb1b712626"
"18323bf515bec81ec824b51f618d2429","56de39acc5daeedb199812ed503a202a"
"48d30a78681848a5caa890b0acc9ad72","8b925ef92d48c9d0114ff75e42f166e0"
"af07804a2d53e8639954baf97fbf803a","a169c853a5ba10abfccb9c9afb06aa60"
"7150a9da273995bcf6c7c5beeb3e5c42","8c0c496d0c714edad925f4e35a084979"
"22e3e9f45e1ed459c57f99675f92a1ac","bc2f89d98cee993d05d92e66984a32db"
"6390d8596b48fe36ecbd508af3770dec","4fea089659b78b233489192ca88d8448"
"6390d8596b48fe36ecbd508af3770dec","5395e388be6105b6a76ddcce4557356f"
"af805f1566d654b87cb6d3505fc15114","e4331570ac55d40e9b2b8d65056d63f8"
"246161390a20f964881feeaeea896671","e18443b78ee9f058912366f8a01c397a"
"908c80ba9160e9d87007015b15aada39","34869475882b0744a95d4e899b36b47a"
"908c80ba9160e9d87007015b15aada39","1ed01e8f777018a33227be5073a82e8d"
"7c971e779cf367c04e3621cc1b81e352","2e19e3dd6600cd67f04d70845b6f6994"
"b5defa632178b4e058b80da1efb6dda5","e8f500e8052dd5fac20fee5a8c880367"
"53c71d3953507c6239ff73917ed358c9","08528f70f579f0c830189efc523d2182"
"42b00bba3a67fd5e1acc3f437d8afaba","eb82f6647ce6827e2951492213ca4306"
"3003eed153ba33c08d9352250d65ba75","3a3c8a7cefc90bf9b10ac53451f4549e"
"8a9ac22fb6bfbcd5b5a0e0f111fc7b04","551b5745d16f6eb863214af92b2bab8f"
"169d7e0fd71d624d306f132acd791cbe","a0a641414ff718ca079b3967ef5c2495"
"cba44aa41766f6210b875f576a4241e4","fde5986d35c89aa1b6ce4149de82a0d3"
"73c84b13ab9bb715a8e21eb2329177eb","1e3fb3520c0e1e9c12b0dc943f7d437b"
"05452881e2846549b81d39249bb66ad7","5710a8cfcb822bc6f62ece1753b11786"
"05452881e2846549b81d39249bb66ad7","61bb221369ffa0c6b0df900f97c5062b"
"e28a4c66f1484567d1e42b3fab64d923","ee98027b0a42bbca147223bc9e82a436"
"e28b309a54ca704f4ef3c6fa95da3fb5","4812973f7fb59a488cb5fcbafe275581"
"420ab5f8b0999c674c7438c38ecdda17","a44acf223e58ab562c8b328873229823"
"a89773db642a632c5cf8534ce1a49b28","830636803620cdf8b6ffaf1b2f6e92b2"
"a89773db642a632c5cf8534ce1a49b28","d8e8c42271c8fb67b9dad95d98c8ff80"
"d7cfea82cf5f7148d0a6f7e5a45be7bd","e40c15ccebf9821ea0f3fe18cfb5fcfe"
"d191ac7a9642a12d39419f26f43f800c","7168439a7228c5684a494116c1c8da5f"
"e660da13091dbe48784500c1c3e2fb75","af73e2ba5098ca6c02e8079aa82bfa78"
"1697ab1c88a58d47fe0154b461397e19","a72c3fb46328e9ea412242d1ca351d94"
"8ef17147aad160f7780239dcf0acb400","c6ee64e6e70385d1f3860943b8bc6d47"
"ca66d500112900d75968df9716752250","81b1b9877ab57bf13e0d8ffc2f550c1a"
"e433edc92cb5e3ae5515301b3309e303","35f99f8617e335ae7b1abb02b68ceb64"
"8f20a2bcde63b6e9b1d88a8b7bb9ca53","376c23240f8f0ed3279ce924b0d6a260"
"fc3d87913825143fa41c48e40267c47a","668f6174de19065eff87c66b58c5f213"
"fe041ba1c9f54016432fa6ee91709dbc","9da0796858da97acd8b67578388a3241"
"2f0bf599e06ae4fcb639c0acaac2f0ee","868c4827b9ab7272338ae1c95d192505"
"81b8af3e29c26237d24fbeee21ca2b18","f7de3065e38d82bac9dcbd4929ddf722"
"44b7f7a59d7d3d4c6d72380e3af10e80","f3544b47fdfb4bdd2092131d3c403ae9"
"44b7f7a59d7d3d4c6d72380e3af10e80","ac6938290c10c36fd64ed2f21b944399"
"3a85e7db76d5fc41b9dadcb1d4e7a255","7b36905f84d4f18f84aa570b0b54f0db"
"f9c78e6e58306dc81efbbada1ac11f24","95a3135743556b117d888cc8c6e12e11"
"2ccde1e4676c20b9444e2bcbed36334c","9b0e89862fcb8419c30f3f290e770db1"
"c5334d330e36d2a810a7a13c72e135ee","7eeb2cbff212e6c311994d274bc1a149"
"c5334d330e36d2a810a7a13c72e135ee","2afe63a67dfd99b3038f568fb47ee761"
"508692b097f28d849a080d75cfcc2ef1","6e84fd239446f313d8f4edba164a4d3b"
"cc139c399d4fe7949e1cc628424f7955","6c3c56231c45f130228a386e4d9b124a"
"deab5b501cae4f6475a45bb4eaf79b61","b2935d1afb8b664cdbaea09568e6e5e5"
"857c7d158a6669fae8d2aa86c645f021","3295dbb1b074d724e79ef4c08482b92c"
"65709b9620e3ef6f575918b8348a8ece","c4cab6d06a9bca48ce665aec3fa340d4"
"3734ef852a0ffc47fd80c97740466f68","e78743b6742c4e169e34979c3693069c"
"4a71c671955d20b872ceb6758387a3e5","6588d98c89e1f7c5b64c20e8cc2c53df"
"3ac2186857e6d4f16167df65af939568","500ee08591e89f9a89561aa6b5f720d1"
"3c5c2cfeea91d9a57ac3c979ec6c9d62","38edbd0493567c84669b17cf6f7eda43"
"3c5c2cfeea91d9a57ac3c979ec6c9d62","6ef5a72381dcf64b810abd382e254161"
"64c7d8f00d1087192f1615e32b1ae862","ab0abebc25981f01b696983460927f44"
"d731191f76c39fe5c7d22edddb6836ba","dc0fcbac0fd3425607242b042b90ddb5"
"c27cd942c2a926d25153090afa106ceb","f3b4c0f29e58c71d20f64876f5099617"
"df3e4e0056f83d44b57664f39f3dba9d","f144ac1998474653203c861be02fd31f"
"46b06fc4d4a2d4e9645f19e1a689e543","1ed134d3e8e587c1589c338712516757"
"cb162de51da6fe9c49b238971804a224","ac6bae47e7d69b2cb2a469e1226e4618"
"4420cbe16c262f724b648cd1294c88b6","b88c30d8714298dddb2cd56fb0fa4d57"
"4420cbe16c262f724b648cd1294c88b6","73c709570d1dfcb3f732dec67e15e294"
"0f9751081b734220a998be212c391523","d223527addf6e17b6978d2e9b982d26f"
"44bff723bc2f864855ed3807ea7157c6","6c1811c8b159a48818c8740ec1ef5ad8"
"a07c319b821b5707ba0b018c7ad63aef","505271336a651e681deeac18807d4000"
"52eb8ce94864a3bb1be410a545f9ed4c","452c58e6ab8609f53592745a76557ca8"
"6f781fbfaf95fb90fb59de9f72e78e5c","a652d5461dfe27702887c38d372885a3"
"3227045c7007663566ae3d19aed8cca7","27577255e325253c41747b9f89ba0322"
"e6aa8f1226387a88bdcb5b2f0a9f95eb","45166fd675ed78120b1498e4d7c2f333"
"a9b8ca11d1c4f895787b4503f3772706","5b2f15f365071176921ab2edbac6382b"
"69a2e27fe34392681b7b5ab9c5aea437","dfb3db02188d809d5cd199496b6da87e"
"69a2e27fe34392681b7b5ab9c5aea437","fde2e6abaf5bb64f7407a44741c24dec"
"80e2ed9ee8878458ac2191eb469cb0fb","258dc67e9f3802ef26a0ac367bbd8159"
"f56ef9a15044d3fcd12867e68415ee5c","206ac3e1651d98d3a5b41e6b83409168"
"b9a528ec4ad891d009b3dc50588218f1","832acec9bbf4efe65c3fb6423d8b4ed7"
"b9a528ec4ad891d009b3dc50588218f1","090aa2980b0aea78cd1ae73447d7d55b"
"b062c88d0db22ff6a4e37c2df0f85333","a9d69ec14c122f4fe7c6de431811debe"
"c4ca4450ac2974ba5eeb4832b7ec724a","da8cfde4680e1c20dbf6bdea4a3f83b1"
"c4ca4450ac2974ba5eeb4832b7ec724a","bdc75c2855c909171095e470910d0421"
"fbd9022ebf9271e1952ca884a972d1bd","ac24486e719028c654916b3aa2419a50"
"c766c5324b94b64c7580dff991a977d7","68f285829ce3d732e6f8b97c60f306cb"
"adeaede19791cc3d2eb6f340a6249aa7","1f1702781508ddd2fc0020f6c691d600"
"07c86971c5f40e822bd71ab44f684fad","a3081a4676a5126d8fc0bcbff9149708"
"f432e55321dd8f944adae5d73f210af4","c08c3524a4910d037a89c59e174f6b33"
"075a544c5f4ed4bb75f82b160465fe76","c5f404138d9568bebb5dde204d15b25f"
"075a544c5f4ed4bb75f82b160465fe76","6902c7530ba05c8f2927697108f42732"
"d6dde74bdeb424af6b660214881b4845","ddc52555ca27b0fe67d5255147682d2d"
"d6dde74bdeb424af6b660214881b4845","1fb4ddc969e6bea80e38deec00393a6f"
"9c5bfba7de6a4abbb6ba0baab78d1622","3242cc306a9218d0377831e175d62fbf"
"be3b5139d2f6babd057f6f5d98bb1b3f","a30109d4333a2f08c04b28036ad7d3df"
"75df014e897510b97edbb6261ef40f82","5fbdc041e0938773613c1a6fbbf7b62a"
"75df014e897510b97edbb6261ef40f82","c141e288b3722caeb717911e52fee32f"
"2be4ffd7d4cce421234db66149a7f749","9a0bb4f51bdc2568e43a1e47457bd8a4"
"4c5fc08caca3c520b9c4cbf83d2c14f8","ea1fbd19c48a016b08c92aa1daf658de"
"9d6e7e70e068602fa740fc3163cefd3b","699b21c7a26472e4032adf124631dc04"
"9d6e7e70e068602fa740fc3163cefd3b","1c9023a88f4effba4abbf114c58bedba"
"a04995b6f39e30fbf244133abe9fd71c","3742fa4653c19fba02ef5d76e593659f"
"207fb26690b0cac4a3d8b36808b54833","7c6ab3320d76d6d5170203e73d272e3d"
"a6d7b2808b32dae3b384222edb93efd0","37680aaaa05c4feca6dc54850acc4bda"
"eab659d04f2bba5abfe11a2e6ef92bd0","46162122dd7ecd5f596287bccd249574"
"4d006fbdecd41058974d5d99f2d69650","f70f402d86f92d77041149794ef636a5"
"acafc483caca0c28cef0ad651d6bb9fc","3c37ba02da70e7b97b472dabbb75ea3e"
"684497197738631cbe11c77e531a3220","727ff1d8d18233c42bf31211f90bf461"
"c9f8b15e667ca2f541bf3e608b5c1192","f43bee5a4c4b6941e7e30904b112b79e"
"cfb88f9053ce059b4de5d506ca4a2c5f","ac8f8a5e7ad241234b96b3ece57f3c2a"
"8b1a9c54d1ba09cc40591511d388d286","0e249472bec47b0c4b88a8e8bfa8d241"
"f32506d911d029d9aa31e074798f2c2f","43e5286eb9f62cabe4471ec1dff7142a"
"ce9feeba53c652dd6569cca62e2bb287","260893353c2400249d80dcd57f34b1cb"
"d9e44c3fd2ce16086619f299e92e12d8","4219a80ab469e3fc9901437b73da3f75"
"84f5e6c0a0e3155e38c00f434ba90ce8","0655af56f10bc3ef8e3810610828f294"
"1bf4871c57b8284ca1dfa1a02ad278c6","93b68340651eee033046dcdd7520d70e"
"6066fbcebeaf378770ad9fbe8e30d1f0","8f88d933e21e08599ea3e88e6e63b2b9"
"6066fbcebeaf378770ad9fbe8e30d1f0","1439640ba4905dc2f98188cad2a77154"
"0e69198c87f4da026d7daf96d91b194d","8e954c79dc2fc426d5f17035e9bb22dd"
"b6e5aa946acc4e29e7069510f28a0bce","8600c6c8b100296750e056f4d4f04f08"
"ab2074b3788d9e68a23db714cbf70f9d","7d1a556b31dc7aac846bb8d3fae643c1"
"4c0b506d42a6b9fe0951c6cc05419141","f9306ef54d4adecf8cca0377b9b0f957"
"03515a836bb855b03f7df9dee520a8fc","1dee9d450a2b8533d2085cef898ca4a2"
"70bc63a4b15c36daba5d68676c6eb65d","edafdd48374104b52e9a45f1c290fa2a"
"cf196f76ab79db89d7a714a242256df1","eb2b5d41303bf3618fab48f50a521cd0"
"c3ec5c70256966fe8951602e15e63495","948654feaf0ba06f55958dc75fe2ac1d"
"c3ec5c70256966fe8951602e15e63495","35d1e3a584c89873b94db44d6a212326"
"67cfcef68eea9ea1ea9423cf240ed340","e80e9b305e64fd907e9a8e2eae389d9a"
"ac086c46cd97732d9bbef84d3e0d3c43","7608bd14fa5ab97454ee5bd300859d49"
"17784b9fbb37fb0bdc230d8ed6f6b355","a161c704cfc720444aa3a4492f2fb4f8"
"097abce97e431993434adabc1aaec4e4","c6dbd92da12d8e4bcb5511bdbce042e1"
"097abce97e431993434adabc1aaec4e4","11c94569cabc7d493a0aa1c5cd1dbfb4"
"87f48ad03a575830fd30137520ef411b","d966cc03b3a42b5d7b9a3a951ae97b76"
"2f43f05d6e829ed487f16b1f1cf304cb","e0a7f4be6133b5e6e7830bb55a5b9c77"
"1cfc85fa3b31428092f247f88bc965a8","8236417ad9cf970573cf2dfdacec47ce"
"f299e3cfbddf9de401e1f1adf33cd788","74b70fca2be61f4bd1b016aa2c3666a7"
"10b26ae59835a2a63aa53e2da4ebefa9","60b24f8ff7973a143b7a780ef137d9d2"
"a9c6c0298a1b91a7e66a387df066e225","f157e7b51b9b8b49472e0021999c50e3"
"ccfc366f9a65ee1750a938bd18aa489f","9a8884861c6d83bcab8cb26237a83c12"
"6ea54477ac162f4f343694737cf53f82","737455140423254b61e58cf0ac78844e"
"b1baac8300bff141b743794ace31ffcc","6447da841aa7e2d0b57dc07ba53a713a"
"2a3d67c0d2045bf67abb3d8f320ac29f","41cfb3737b4d3a3790f4f56f95dd6cc4"
"3fc128a8f984d127ab677a04ade63121","e0e2cc5f759ce5f71bca81393629177d"
"30d7ab7638f1f3420e09474f704fe784","69a1068c3128a14994e3e422e4539e04"
"112ba690c4750a816a8862fefc3855b5","decad04fe281ccbc0afac15a9e867533"
"3c93a4cc9ca8a3e1148b82d0425be9c4","88dce7f8594f6d0a01adb5108c281f60"
"642d9648ee8c3cd7d0a2be2b8816cc91","cc05dbaa1995d902ed3e5962cb9b3ef2"
"6b860b35691d486e45dc98e3514ec5f6","894b525b6e447029ee870124c0175c63"
"bf593abe2928b23b60cee1ff3471a4dd","84e1b02ff4ed50cc9823db1ce911e879"
"ce1813098fb283f84f0b5a7aa63e5fcc","b34f4a786bf00b7c8486141ba482783b"
"5bf226cf882c5bf4247f89a97c86f273","0254bd905dc677a6078990aad3331a36"
"a1165481ec8e2c96688233954c7cfb7b","ed50e2b4f052ff24cec8d6d4c050a5fc"
"57cc72d3e635bf57199d76328279b875","e44840754f12fad2b8646712121b349a"
"ce338e075a36068051ecff6802ab64ef","67e583780506d5a9e66ef4756d038251"
"0f121110b75ef7c38c79d67833c49830","938a61beb270ef1e023813b73378f65a"
"5a7b5740e46471f028be84f6424ca854","89681f3111ee025da22b32af792e771d"
"c229c6a2f0ecb33d8e2779ebddec3a1f","17592266cd3216a98665ebfd6365843a"
"fbb3296cbee389d9961a820220eb62a3","168b708c0e1d90f89c9737b1160121d6"
"aa942d6c13162cf699a9ed59746af588","7d98f08a314d5c1264ee52694f2ded3d"
"6aefae2f6010e130e87f27ff4ed31a8d","c05b74e77cde703943972816dbb27514"
"cf223cd5f53b6a5986f1ef788d3e9e83","0c1f10775ef729e60b56d9c6dcc47736"
"8e350e1e4254bd7c68913b98bde7d3a7","260b8badf10666253ac8a8eda99119f9"
"8e350e1e4254bd7c68913b98bde7d3a7","8ee90ac383cf825bb7f4756130d4e74a"
"b02682757340133856bfb99145dd61cd","abbfacb2964f74f6487c9c10ac46daa6"
"2bf9fdd42a3609f2c440bec186b10ff7","68a97595d96f3890eb24bd5bd2654339"
"3bf7afbf899683dbd726ff8b50d69c76","50159be3324818783d2662534eb31484"
"a65820c7e4307f72117e77fce6be1074","08531aa0b3844944e7aeef53530f8598"
"ccaafa8bd853d25f4e7b1fb18f97e719","d7135cb8e54b0f5c3280903da08d2e6c"
"26fa3a32106a673d1c0797ad04f15c81","61e68b9000600c1edcb7a3e62c8a51fc"
"b4b23a5f1e3af0a90cce47b18af0e612","88e249eb87b104cce663479b3250e03a"
"1580aa3360c01bdd268dd1665a8ff929","aa12009c1431a5e767b682c2a8a4d6e4"
"fa06c9f04ef55a2a43f2246a0777b7c8","69228c9ea08f4e0d8b591cc2309f4a5d"
"0dccb365ad960364b43a228ff6cebd3b","2cef8ea456a6210da27879af5b05a82b"
"4082016610cd8b53add011fe068c04b3","1f997992c19d44fe5049ec91f13ccd34"
"05f0c78f07cfc889061aba07e9eff066","f00574b1fdbf8f0db6679e382a52fda6"
"fa06c9f04ef55a2a43f2246a0777b7c8","dbdf1ea31790c8ecfcc6750525661a9b"
"0dccb365ad960364b43a228ff6cebd3b","4687cd3dc8cbaa6b8932ab101d02a937"
"2dde024859f51fefb1cf3975ae42c563","5fd4f9ee064426dbf060c2d18b0afe59"
"4e724c7d98c212ac0bbca82b6d274f76","7828e22ec7f3dd35459e18424c08e4ae"
"5bb486f174563e721db5e7ba3ecd4fdd","a7179f48b00daef07d592c991cb3b66a"
"dfcdfc43867d1c1381bfaf62d6b9c195","00130cbe1f9d422698c812ed8ded1919"
"cd7cebcffafb9a184b1aeec5b2197c3d","477e76574f03b3e13f734bf24e3a17b5"
"cf771efcb04c578f9d3619f2632d8333","83cf3a96fd28237ec40e326adfc8c12a"
"62d9ca533d6de05e39164160d128e37c","70678fb29fe6b6dbfc67a1ef9ce3e81c"
"99ced390cb3920dd78d289dcddfc6ce4","eb2e7f397d9e41b7d911fd73e92f3d0c"
"14d9794bbb53614d12cc2df6a045f82b","239fd569e8da19db25053b848f2d24e4"
"bc42a955f289870d5789e6e437206300","28642ce6250b94cc72bc85960aec6c62"
"25320e12b3d6e8f54f17389037588bba","bb5133a6e7416948f906293bd631a348"
"1445ddbb9a2054e295d0ae5b14b1cade","6b79162437780349e0bb95bd45b46b32"
"7620a7f338b6eb9b633cbf1d73e906f5","c1dd7c6a2154caaf1a6accd68842286f"
"52c5e13fda94ceb769df5565b3415466","6733d21b15f72ff8b0a708dd7543db96"
"25320e12b3d6e8f54f17389037588bba","a16ff2e678beac3fdcab12056e24a2da"
"65d519114847599fa70eb2575fc38a15","af15656eeba4c78a74c5c24acaf4bdf8"
"4fa1b6d5d3ca98e8def932544cc51b90","771565a679ac71ae46630b961d32c827"
"688e3682bd719f71232cc322252fb045","28ca1ef3654a32df2ec947b123a1385f"
"688e3682bd719f71232cc322252fb045","a8cc3d21c7993265b58cd48376cf9ce3"
"d04aa7a56c20579debaf2cd69ce4dd73","ce03164d2a5dab475d695861cfda24ac"
"9b24c8496d87684865617cdb3eff7065","0efebc2c5add22c5b45867716919dcdd"
"45029aac398517a7869c2f22ba01affd","4316ba70446b0a1872c4a6659000dbe6"
"fe1ec86f91f3b5b6bc46fc3e4b8262cd","ef4767983d3b56ce5eeefec96a50c488"
"55d80e98635154dd309f2cb107f5e205","f655b6e860fd2fca8dc258549c5d2a7c"
"d21ea1f0cfac8642b1a98b71ac53e32f","a6af20bc9e7fdd6740c3f9f335589bd5"
"ca621c614abfc6d64f4a093ade1249b9","8e6867391ed88ac3c579b4e73ff72ce9"
"46ad8f532d3f76a1747288a6a5a88a18","fd582f520c76d0b29106fcef19d868fc"
"6618ba440a8c54ff6e7dfcf5c7300265","0a3caf6324edd5158b342ee5a0886271"
"2da58e0a7dcfa4ce1e00fad9d03ca3b5","ff2fc9e68f8aabfbe18d710b83aabd30"
"6b99ff92735c747557e84a5f5cd7a560","34e1fc15273c269b6fd0227340a23bc4"
"6b99ff92735c747557e84a5f5cd7a560","b61a27573983d8c2d335fefbd283e533"
"6567e0ba7d75594aacbf2ae3bc9a52b4","23a008b7ae9704e3b656a489d9da4681"
"e6a09c11fa9d7a43d90955406cab553c","d30a303de458190ca6dc446b7ce68ca2"
"b0ea6041ac66a83e6a8508f3954edf91","b16d528a370bd6520af22b90107414ea"
"a979479c1af57af858b45dfd2d67ee04","7c69fcbd86399d432e0241dff0224dd5"
"a979479c1af57af858b45dfd2d67ee04","1b8df55d40e129a4003858afb671129c"
"118ec9ddef528c64a545169b898e7699","1d5b8cc3cac5888ebfc80a0dcd337f07"
"752df1d3d4248c9dc8cca21cd6b42675","13d45c97ae78e0ef1361835b8944b7b0"
"a8aa05063010ff66b802270e8bc9591c","f3e832f728482bddb2d328f95e386d45"
"96521e809c9baf75bf1a6881d39e0d8e","8223b52119232884ffa39d94b7fa76db"
"e68635b5cb368d061f2acf5de4d617e7","c09929329da4aeeb24a45c0b6f6613ab"
"2f8f31eb2f7b6572836d662a6625c8e4","7b606b0d57b078384f0b58eac1d41d78"
"71853944ebfe6bd5f5de0302cba14354","70f8739a689aa85ca0dcc8569b8ad5ca"
"c4aac60369f19fc04e495e8a1b488aae","b40b91ab8b5268a02d4730ccb79404c5"
"018cb6a10649393055c272ba2984e8bb","3d0cc61574522a451f6e5b477ca09e8b"
"c1298dde22013d58424f39ec4397f54d","8ac33a30a6995a4fbffb0207db3c84c8"
"b5a801d2465c927e096449f176459916","94b9eac694c93fb28d6e2fae6426cda9"
"b5a801d2465c927e096449f176459916","917a4b765108017eaac1d80971e8f1b7"
"66355bca3dfaa134e807687ade5d3330","47f9abdf9bff2e35b757a67e46569ddb"
"66355bca3dfaa134e807687ade5d3330","443fb044ca5f287b04747fb17799dbc1"
"c66985d27ca5899e6058749d3432daf4","fd53ace363f9af2bc44ae028b2e926d6"
"076d991923ee938761994a4255f5c5da","48f315adb0fcfc986321083d894884a6"
"4fe26df981b8f298e0e6bf81c1d5ead0","37143879ed397a8fcb2ed49b3ffa1e44"
"357faf30d677dbe3c31a345f7026a6bb","85c3fab7771ced653dbe847f5aeff215"
"bf57d88907afc221e0eeb3e12da03657","dd58af2639fcadea69893ec0ff94bdd1"
"0ee10b39b0acad1a8348fe15514a1115","ba4e95c64d295dbe2abc0a589e552e1e"
"94a71bedec852e752e86d530d03d6061","61e8c8014ccc7dc7450e602b8247293f"
"5df0b9dca1031d0b4abdf7b6f1f6e118","9ee332340e369798b47cf243f1e3f99f"
"316119df99801d35bea84dbe48f4765e","1a6be4c794d5e3da242a364f6a98163f"
"059bbeb3477ed66fd7e670c3f879009a","85b0c36f463e19aa709b2ee1446513ce"
"898357f8ca3d5cebd8ed0edcc9333503","a2a57bf2fc42d185910f9881502faa18"
"661e075fa45fa4a73a79dd6972bce18b","135df63f4871bf893d89ca67df0f921c"
"5d0603425fc99ce2d2f5b3eec417a09c","44364d486716935567b860f5e4cf71a9"
"7d7f3cbab666fd1e2f103d28b2c9bc64","25bcfebfae00729120768fd9654048ae"
"f83c07d038cf7ce0132a5797f823e4fe","260ee32afa3b7b9ed9bc283449dfab75"
"685f8172db0440c031fefe2081cbef7f","a87cf14c73eb6e6407afc3837389971d"
"37f9c3b8666bdf2c00d8d6c0de58cd30","66ce2c99a2a665de1e3952523d5a11d8"
"71049671af38d8dacc4b8bc9e488a4af","d2e082eed93b61c9b12bea55541b2e70"
"69730255ec58c4cf06be03ba4718b994","1f80ddc1e47fa27e028f8d94684375d8"
"29eec6741c8bce92beae3f57180169b4","5f903b17c605fe524ddd11b30d1c5ca6"
"d22f0b06e1519065d7eddb2ba6b79b63","5f9f0747bde2127b2ba70b7a24efaefd"
"d22f0b06e1519065d7eddb2ba6b79b63","0ad57b9e68d4d34814464772b6de54fe"
"4ed4a6e12e74982dd78c78df1ed3f372","95cfb15ad3477fec574b561d1daea972"
"204c3a076103a93b98207df2faeb6b4c","3f8bb859f2d7024bc419b489a3fcfd56"
"3b401cba521461d124e0487ea53bb009","77650be7f386f52dc4b545971cc74a8d"
"d07ea9203ae0a6ea15a2eacc87b4c0f7","47ce9f3f6c89ce50db02a897ebb7148a"
"d07ea9203ae0a6ea15a2eacc87b4c0f7","c6ed72f40a24e23a3f2defb72238d1f9"
"f22994b30f7ab7b86eacb2ea99e61a86","471a7d853b152d77aefd43bc39f03d64"
"2e0b1f8402c862aceda3851490482211","a0689adf80eece4d3db0378bdc14949b"
"2e0b1f8402c862aceda3851490482211","dc73cfa11ed97e1cbf8f4c6d627cd07f"
"18167ddaf5805d7289af17daa51f35a3","c880f17947402374c0312bea411a7e18"
"3c40398038e198e9e1636c1116378da8","c9a406d3076559e35f713ec82223d39c"
"3c40398038e198e9e1636c1116378da8","93f58f5b658e3b49be2cd83f02a01a9c"
"826b47e4cd7bba4e4c6fa5485f898b74","e3cfc6716925dda5459bfa878bc1f7a1"
"b1461c8882153b5fe68307c46a506e39","017808d29fd1f942d97e50184dfb4c13"
"f811e0db5991b2b39a1fe8a057fc6f96","fc906850133b4a339e3aad7b79dbfa7a"
"5dc05f32211efb743fde17f226adfb6b","1708c3eec64152cb52fe56bb3abcf257"
"0068c109948b9a1dfb8530d1978acef3","0501aab2f381486c36bf0f071442c0c2"
"431fe12f4d24d8f61a0947c0bc842a04","20dbd899791a670bf2dafabf0243f6ee"
"b1b74907a120888550f895aca299e24b","e0f92bd0f01d2e1bfd90d13862217b11"
"47ea7a7404f3a2bd852026254b803f48","cef772b5081d5ad5d8599ce359ffa364"
"5f7252bf13701d879f6fc28e72b71a9b","77d427beb34a26b489b34209b61bb974"
"e383fed56a3263977ef519e546eeb1e7","d2c5265e58f029d12c5cd37590fd5b60"
"d61b915b69851aec8a8865f36cfd793e","59168ad031faf4d695bd0b532c8dc8c9"
"d61b915b69851aec8a8865f36cfd793e","dcecf8e3ba584a9ebe49439490a914bb"
"0c40894addb46fce19ca6ca1f11d9bff","59d160f8ce92172828b257462f39f390"
"54e9fc9a26833002ae6521780af9dcc6","e8329e509727366480f605ec7a7a0b5d"
"79dbadc3cd0a6aa1b1fc17d005721668","4509268e73002d14328d37b8f43ab3c4"
"7d04189e83c072cfdde15bcd1deaa23b","61fe4e7d1ae801bbe169eb67b86c6eda"
"843be4a0dcdb9716de7652d53af4acab","6793075d99f06d9d168e24e0d92822b7"
"843be4a0dcdb9716de7652d53af4acab","e66678cd6fa7d290355ae47145eea32e"
"03eba6d9fef8f5b3e811d4b5a7cca9cd","36ce47fb903bec726f89c65eac26dc9f"
"68f238efe64d771f8529c4689219e854","b54d02f7f1520b3995f84b77ab0dacb3"
"241ed1aad96c4cc788ee6f8ab96242ef","3052a79d76a1932ff98c990a59230f8d"
"241ed1aad96c4cc788ee6f8ab96242ef","d70b9aa33dad62363fdda2d758373314"
"0d6cc2219ef268358eac3c49b47abca9","1ce9388b1a3ad76f5f1a64f208a90fce"
"0d6cc2219ef268358eac3c49b47abca9","5ac791169055b4994a395a442e3956f6"
"3ea8ef64da06a959e384edb7cb824c02","15c9136f43468a8428316d9871eaf14d"
"62eb76321ff33a367a805bc9d0701dda","15daa9db89623052d7b25d96ed14686d"
"814b1f69511cfbaa3b54bf7701c7a475","1c7a92108afc9782646581517fbb2808"
"5559edd02dabfec0a6ee808960297d1b","8e82db2cf69e84e85e7d15e888d0790a"
"e7fa33e7dae8b411a97ad688c93d6cbc","ee9bde038f146b5ece0d9a859cc2a795"
"4c70befde2c6046dcf77a680ae1f356f","3ccaf62c97a552b72296f6c84d6ecf22"
"dcc5d3c9b9eaab642229ffe7b651e172","e5442b735666e05119129509ddab5602"
"97b4d83323a5917d5df6ff4581daaaec","7acb6477e7025fa71787fb54e99a4609"
"d58bd8dc62db2951199683fcb7dc2df6","a9e7240e60a23808017a3fee4a521584"
"e73eb0a2c088eec6c479d66ac0d910f0","d8a302244615111a0399d88db9916fd2"
"e73eb0a2c088eec6c479d66ac0d910f0","a46a4abee1cb1ec1cc2470db9ea73de9"
"84152c38452eb1dec5ddae4198266724","87c13a40ddb9333c0818f8f6745af183"
"54ac8f134227883330db3517a19b4b5c","57658647ef3ab748aff92a5439ad04b8"
"cf73e2cb1f4a9480ed70c154da3d954a","aa193e76d35950c4ae988237bb36ed2b"
"38dd491abd1019ce526c43c8145e2f4c","f93a6332128cacfebb46d09e7357a498"
"94d97c26cd5ca2a98749be9e672b44d4","23b4bc2bed27abb066272d560caa7c5b"
"6eb92aaa2c5654c87c82252bbbb0cfb8","dc11af6fb17fe3f994a4184a86e87d84"
"5cb890a68b91b6158d69257e4e2bc359","6c06ac3750df49afd530abd1115cbf11"
"2d8e4baffe6056f0800c1d99f2960384","26c7339968774f98c7b496b924e97913"
"2e3258f81be08e497abb202cef0c0303","c487103af542dc831f15ada65932a02b"
"8681822ccf2aaea9124f49a2a6dba7b1","be875debcda2c703ea8ab250824860f1"
"052b102ad85bbd141261bbb4ad13edfc","5f5bcd53c9a6da0a1ec42979a53f7359"
"2c6df2cdea838bd21bc2dc78dac3029b","2a42f23fc65654f83c9e6594f3ef2c23"
"3020672893fa4aa5b9a077aef902851e","8de4e497d8b04d638b0f09159c34afd2"
"b7fe42fc0d57642abd6b868ce754865c","dce802e80645c005b51222c9948d9d89"
"ec7c6bfed4adf361322a0b6d6e5bfc51","4091fc400610482d68bc9ff4d030c9b6"
"ec7c6bfed4adf361322a0b6d6e5bfc51","3a1b330608c1b5b631b506a0bc463905"
"95efc26128229ac33bfc67d4fce8fa28","f44e22203e35c5ebeef4c6f18004698f"
"879d57dc015759bf30e71a20b5ae0652","0546d398a833d4c33dec480bedeecfbd"
"8f872e715d0dc90d10e7315809cdd49a","fb962e0e8c73e6e359ce7d34de8571ed"
"17df2cc060680fc1712991499b645cd2","1f5aa5d7c3ee7895e4d223797b5a5f2d"
"aa0c9cd6b1097927c4caae58b28e5361","2a3937850183a3c2fb90ed6a8ae9514c"
"6696737f72902ca26a8bb47e22769841","574eb8fce37a82e08574336beddd2d2c"
"7005da65f15cb4565505a05bbc8dee3e","780a8cfddeb7d1a875af9b7d0eb1aecc"
"f4f8aa5fb2ceaeb486500d9a7926a272","686eece1abf58531d6f183ce10905c95"
"953501839cfe2990297454e7e7bf158d","be73f1f6aa0093c8ab5706df396b31eb"
"2525cd7ce3320dde22109e4066be3f7c","320df18288c1491cc16a1f628f5a88f7"
"d98e1bbea27add1b46f2f78aa0a3517b","5c99f6ff0f883ea3b283853720266109"
"4fe2e8b329e56a00aba9b0136b46f00f","9dc50077272395ec4c7dcf0ff89be4fa"
"cec16bf8607acd5483286d4a74fb4365","d66026595671c84a6ed9385f6f498e97"
"b4c317bb5f8fb237f37171f190e8d332","0ad87184dc47c36db717b98e8baca9cc"
"164ed456436d367ddcb008d361c1955f","3225ad63cdb1fe7eac9ab4430b078729"
"82a779af9bebb4de11f9eb1152112f36","7047658ce9534af36e44e0c0f8b8af04"
"2a1ceca1522e8bf484583ef111e921c4","8090efcb22d6a077e3b2307f8bcb7a31"
"448795135b904d057254f5fd0d5a6a4c","d433c252647c51309432ca0b763f969b"
"709aa9888718ec2b9b285f55fbf0c528","c0d580d6aaa341ec6e9183896a03f656"
"6f7e6a9cce69876915e47a146ef300e5","38c0403dd24d46978ae5d66045015c20"
"9afbd107ffa1b363cbdc3e81895dbdbb","e9cf1b5368603de7222e94123cc1ceb5"
"60b3fa9424e97cd3b6b95ca799d511c6","1c0c84f0e3132c3af0a17f0aa4987879"
"eadd7dba4c87a895126c2cc2f33b30aa","2292231ca2f7a3e4bcbf74b4754073a1"
"53e134c152888a0bc7fe1da0dd4cee0f","e8ea3d83611914b5a445adbdd5c37072"
"587c66847401b1ad23c2e9e6aa078b32","ebe731fd857c94fa522bf0e9f4562b71"
"66f60a049e91f3849e5f8f328ccca54f","cc3b29e7467a6675cc6c751127e43e29"
"95e7f49dc56e12097c265c45527a3941","886021e9a8eaa7a323171dd82ea2f3bb"
"95e7f49dc56e12097c265c45527a3941","4a6317eb7a62f385f1202165b7837f99"
"6ba5ec180235f8b95042925408ed3bd0","79dcf23d0e5af84254760b5e8af526fa"
"3c0f91a7a3493bb46260f52f2e6ab61a","08a86da22498172adb6cefaa99fdfaf7"
"42ae1967f68c90bb325783ac55d761ce","2c6c08892b83ba4c1be33037c2842294"
"42ae1967f68c90bb325783ac55d761ce","193d73d33b656807084215db91b23b8c"
"c7e1e46af92704b1c2e1924de96e7479","64180c2c7916ed488bcb592f0f4b4921"
"c7e1e46af92704b1c2e1924de96e7479","917cdadc1a5b4cf4c988d264992f23a9"
"16cc0fe71527d13426bdbe29205b2053","0c76e7a547a531e7bf9f0b99cba071c1"
"74a9c19e8e4a00a669fa8fd0a9134881","c6f4222c8531ce5bb67e8da07b3e1402"
"1c58c266f70494954b0e545444355f3b","3f70f5511ae8cb4e9427302bbabfc33b"
"d4f742f7a223add48641c06ac0b96a25","d01f8861801088198e20d318cb4e370e"
"2e84df8fa5a2f0d5eab815d6c157b1f3","e13128391a71b69596a2d644a2ad0948"
"ce0102221c8d12a97979c74d09cca282","06e327fb381850fdd69fba40ad61b2f2"
"ce0102221c8d12a97979c74d09cca282","87765b23585f0c7389fd2c0b7cf512eb"
"04eafa8a91ba0d51dc0c193bb67afc87","27707bdab4a7b6bb49a2c3bcdf41e995"
"6f1a8d85b71101ab1e342aa9b8dfa5ff","b6a02a8de3d5169e1429b84ebe4cd8c0"
"f6089c47bab18faae3d90c64cfb08481","dbcd48d3ff3e8bc81c542ba3e20049cf"
"67be6410d453784501c125d4f0ecb741","58f1655df206a9a40482b929b81ee671"
"7e030f7ce01972bbf5aeeadffe8f930a","b57d0eba62250faf6bbb49afc360bdb0"
"387bbb4e54caa3042c96943f795721ab","c5976a5a98e854fb23d7e03c6754ae60"
"69ad29a3aba936e80ea906bf73c631a8","870d856a4873d3a67252b0c51d79b950"
"69ad29a3aba936e80ea906bf73c631a8","5476dd0eaee7c4e2725cafb011aa758c"
"5af38cdf3451e948f042e40336b0082e","c9aaeea201b5f1797c3d247225e68082"
"d1c8a4c31e8c7baecf7db50c988e5527","5683a7ab773b86997d721db935349af7"
"bd198b62b5d99af74a4c0dbf717fd5f0","b1216c817224d380bc7c9ff415f6dad3"
"df2a380947167bc1d9d863cf7247713d","86004cb6e64c8f6cc98265483f8c5720"
"df2a380947167bc1d9d863cf7247713d","edc2b953f59278ef8fafdd70309051e2"
"e12ba59fec6cde9a2cf1af5c0772185c","cc0866defe6eebb3092f368f9b057758"
"df52ca7830380e7d8f7292e99434eea7","ac1c3843ce235505ac4e69b5f343afc7"
"0691840826e5dce3ddfb305ab26bcfab","b3660036bce046fa596b3e7e45d2fa7b"
"2823ed00ae59fbfb1749e613d3888384","98b82041d04be209faccad4c453ce72d"
"8220769da5e88eb4288d26cc8f694b41","ef5a41c50217f8e2b9296db3ba78f11e"
"37732eb932f8b2b2b3d7cef77833eec1","6666d0fe60543025207c2b0abd2f8b71"
"37732eb932f8b2b2b3d7cef77833eec1","0b9af3c12843b743f612ca8abbc33e83"
"306b4ec62d908535f2bfa2877665e899","a555fec0a2d54ccb104762e54f058603"
"071ff3583bbaab9f38f020af7006a3d4","70509c441d994fa03d6c1457930c9024"
"8ad14ad7dd26465b377d99c9e26eb76f","9b88af6ae32a1454e91559508c33ab6e"
"195416246665b8268100ef5fde9722b4","24a60a24e0fd528dc4386386310a90cb"
"9579eb9e9bead64bf62f5167da64fab2","3e01d982e5d8012af3a30bcb7b66645d"
"e0043b9e113bdc5f84b14893d62e00ac","a8b63e1292141b8158d2f87355b15686"
"26ba6dc5d33b55a3107a56f4e8d77395","7c5259bcd85c4114cd5eddef2b4089aa"
"2ce757e7e2cf3442241e4646b3472dd0","5f05184cbcf379ca2baee7dba663e3f5"
"a124f3c8e5213835b392c8a30125a521","a415eb02f75f3d58656205abe002362a"
"2ef81da37176cfe633d519636052f2dd","289450935cf7a082af13e04160716ce5"
"9cf2f823cb22dff0461c3e5419f0a016","a8ffb30c74397c7cf37ab595d3c1662e"
"5795641bab8a44216bb7f551187af034","3c13b1bfbeb1111f4842bdc89f3e54f1"
"e2d87ac3739c08508d0f9a46cf33786f","28d0d8241ef547ebff745da0b395e7cf"
"177200d363504ea94b5064b05929e2e6","63c51abb0488ed1346fe3215f1571f15"
"d6fb74265802d3b7f2c16ebb97cbe900","d0c190673c5fa9787fe3aca7d88002e6"
"fc3443668654977029c4cc2ead0cc0b9","771654d19b26b9108952856b225ad105"
"0e457aee274ec7e2e18d25ab6d212921","58b4629d5cf0507f7f8b9ae84c146544"
"bdf15710eda59b7ede173c565c787a83","e4f5fbbbf2fa8f259e02e0e529eeae26"
"00d9ac423c9ad6781c0ed04e87666691","32e2c7e889f7a185d462265398ee3631"
"9c9353e8fd52f68f8442e580b5f2bba6","94abc85a970d230e11ee2bf1c1071d47"
"4cf18bf9d25331902ba212fa69a7a01d","09534ea272eea99209ff37c5c348ceb1"
"3c557fef5b5d9315a99f7442ef013a8e","44e9f871226d8a130de3fc39dfbdf0c5"
"3c557fef5b5d9315a99f7442ef013a8e","0c0b58839bdc7b7d49396ddf94a3dbf7"
"9c957591bcb898e6250cde437b938d95","e7fe983abe23c4a31196a9f48576e1da"
"8f32ee82ea0fe678bd4aae681f1637cc","6ad82d4d9d77c0fd2585930d8c2382e5"
"96b2e80dae1e727fd9f346aeb278d1fc","a0caeb49360c7afacbd5dc0e64d96b93"
"ebb2e4c3a4ed0d36a88cb8656e6a113d","72f6ccb4b4cf569f0c40e03e327d7aa2"
"ebb2e4c3a4ed0d36a88cb8656e6a113d","f592cda1f31fab0e13e67cbd638944d0"
"715b8576b74d53796bcbb107a201eb55","74090c1156e2919231690c770e7cd572"
"715b8576b74d53796bcbb107a201eb55","bcab607c602aa2ebf22f6889eb896823"
"0e659173ebf2a1d39e076be9bd0b2872","ea6b61bd3a7a9721897bd347ff35bbd6"
"2143393cca994a4b8235bc1d67ded772","ad134dca6a26a91326f970a15e4c9cba"
"d3775e436e60258e62e678a0f68a0f8d","fe5c833752953fed3209646f1f63b53c"
"0ed5043fe7d3f4f88353697330bbc020","3d635999da844a3b3e463959a0aff863"
"0ed5043fe7d3f4f88353697330bbc020","e8f7dfaf855afb7c0bbc3b55c25d31e3"
"117a6f28c5cf04526b4869a9291c9d61","da8e936bc2f1b52ec626f8aa41f3df44"
"ec4a8b6f050a71bbd34bea77493b7232","5ae22ba2627f403bf84b91efa5545349"
"2683346722c6565c6c79e08c8264f25f","91e35f707b1826ab431e01cdbf99c499"
"18ed15b7c2fadc5faa4db7a9f24d7d61","873a5bc219517a3b5cde7782127cd823"
"06b2c7035561ef12b16045ef4bf459e2","29aeeca2ed21aedc552cc21421eeb983"
"0035246a40f520710769010f752e7507","2a74b0559eb58fc1ff842ecc999594cb"
"92acf87839903a94aeca0e5040d99acb","6b1de94de0f4bd84dfc4136818242faa"
"d240d33f0dcf05513f86b7846c4db05c","6d5aba762fb3b8b6c5e0245c904e8ce8"
"d4c2efa6a85e5aa02652b1358cc340fd","277f94dbeb08157d18262e06d71d9fd6"
"41cb9d97fc1bb4dd341d2f383972d178","2b7b61d0f37a3b5fc2d61a7cc8424b95"
"a3f048db7f6523ded5c260c1ea0bf007","9d7b240dff5539983f5def389e2c1bf7"
"04d943e133b4033bedddc46ee516f5c4","bda4a8bc609d9404fcea8b8b28a507eb"
"1afbdc6ed9143871e5b8be14ce2762e0","aaa5fba9e8840f7ea9a68f4e2c6efa0e"
"e1fdc6e9d1ca132377e862593a7c0bd4","6ec93e77f444e0b1703740a69122e35d"
"4c194282048e1ed6f061507789ff9c81","d80901b6ca88bfc45aaf3778c12ca200"
"396edbf3fd93df6ebe7bb415f5af60c9","13cc14a5f7a442a1ecce8f32b463e242"
"e03758edc76b636006eb8f5bd648ca90","5d4b9d006f25dbfdcb801b524747b172"
"cd22ef4012ae92aa8729264045bee0eb","68eb847f85bc01081e3ce1d881cb16ce"
"ece689b6d40d88ddb1a8de932fe6572a","c1f6424ccdc7843778dc7ee81113f762"
"073fa4be4665f397a289842b1053229c","5bdf704ce1edc91bc6c73abede903d1c"
"78a4201f58af3463bdab842eea4bc801","0115633a9c298b6a98bcbe4eee75345f"
"073fa4be4665f397a289842b1053229c","55d37f60f12bd5af8b2185dda9ef6dea"
"5244b9f2f8bc60aa503830f2847082f1","0a6ec47c5d78509672e16b95efcff53b"
"4d107edcce9acf824db9d203dcf9fecf","b2f4b8113f63fac9a23ed52aaf8705ad"
"8d9bd5e3d8b2ac2fa02f79f8dd382db0","90367ad2293f2aa1e402c2f98e14c774"
"73a8ed1078e1d475d2b1fb7216a52e1a","4548534449b1f572e357211b90724f1b"
"fc3ff005fe8350241fc153d6828070c4","20361385529351bec8dbcc659449cf2f"
"1dc0b2e5397cff8b103ba38a2a147869","3f46e84c6219e517bfc5857a33e8ca52"
"b72a8ad380aaa28c3f4b75f754d26def","9a93eaf9096a3c50bba848e77b786743"
"a60c9bf6dcdd39e9f1c10ae5ad77c24d","f4d74b17cd63ee35efa82cd2567de911"
"2477bfb97977363803e3cdd7c6805198","ec631e163f9b436499fd8fcda6ea3b03"
"155809b08fd56a13a541ff3ea4e9db2a","161160f7f3602ec0de9cd583b62b3b15"
"2699d27682691fa4f6be5cfde364a833","1961cafe1d1cbd4cc701c2f0160467ff"
"20efd9f000215e0bbefcf087e8cf3d61","6ca2937f94a03357106813cde7a695ac"
"c44883fc2529b4aa03ca90e7e09d95b6","202b5f44d09cd3cfc0d6bd12f01b044c"
"0402c01cc0985160e52a67f202177b78","6f2e9596573264a560ea177107cca3ac"
"29062384ce4975f78aeba6a496510386","f1cba0ac840dac58e4b619bd3424f443"
"c44883fc2529b4aa03ca90e7e09d95b6","ffb8cff872a625632ac983eb1f88843c"
"29062384ce4975f78aeba6a496510386","a2a33763a53c33c8f07e58d55855dc77"
"c2cd6ce44609af75d061dfab2f67179c","5d1f78d752c653e019bd07cc48106300"
"52b7fa35b1e5c8bdea5869804dced415","9e25d6e3025e9b9a0fc7f03588d33e2b"
"7e7aa7dd23657ca98b6b94fa4ad4c576","ed42ec3f63f7ff98ae6fc1562d61d1fe"
"9e766b8cbac373f4795d99c05f57514c","a6f0d222db54744afc8e7cc7c9c2bbc5"
"f6151443391cbb0f7fb0fcaf6d79e963","4fbb4e5b3b7b2f3c67aadac7f11a0fb6"
"8a52017e0f9d904528367d756eb6d4f9","3371a4d073e685a2661e0be3fd6d75b9"
"94faf92860aca2dd583802d6673fd794","c7528903f66f3c8400f50ae8525e77f6"
"a4b276bd4a9eba543ec90cdf29a67308","36ec7beab972a0bd81e25c048195342f"
"a4b276bd4a9eba543ec90cdf29a67308","0c2915e69ee09c18b9c15b8035bdc5ff"
"f707ff2a9514dce20b267136b60af042","62e707cd3907d8766accf92b716e9edb"
"246b14cc444e8a7df0afd80495dfa052","dc4744d42039931c560913a239cbcb73"
"afc7e369fb66c82c25a30bf9f1958e21","cb7fd7328a7dee3004454e7d05e25b8c"
"c000c9de28e2436553f200d0faf8eb97","cf007e6d8f2179ea8d8c5a065bc62c4b"
"c000c9de28e2436553f200d0faf8eb97","b6a4180ee3b8988ed0e5048c261837a2"
"d56564f21e612a588607e9ffb39b9d21","dbcd301b59c7e85e61c10afd146e68ad"
"7e47240215d1672082248c49887b245a","64fc883de1994b70450ffbb93c3b2fd2"
"e46bdf3f103d892b73cd32d13062efc5","f7cfd38ee57d29c706a4733c5b7ffb00"
"a9db785c3c219acb88a8a8c594045493","dfb5e52018aa9f1927a51d2039d25d38"
"91fcdc0357e6c76803fb5d654a0226a0","f0b3200e9e35b724fcee709f7a98a1c4"
"095e9e0811476409362d72fa70d73a6c","0b51553f3cd2e9606b9c0f25667dc5bb"
"095e9e0811476409362d72fa70d73a6c","3fb33c49be4d375ddb15913bbb8c0f73"
"82172f2c466d4e1298dab08c8f0e111c","bdf34644f6f234c3424ca932c499ba2c"
"2ba2becdde8cc656098cdc16496a90c6","dee99e8f4e061e8691d64d525bf3dbf4"
"ed2ea4498bcd56d90d461a23fa47ac56","6689aabfeb781e9fc59aceb91b5de579"
"a2ad11ea44d93d936c3189c9975fe062","d8949cc65047d1fb816ac8c2500ad4b1"
"8b3c2785144e72ccba9b0213f0f1cd1e","89d6214895235bb95c50edd0a15f0c67"
"8b3c2785144e72ccba9b0213f0f1cd1e","308316408775d1600dad81bd3184556d"
"1ac9d38dde347ffac03bdb653003682b","7f0a8cc1d2aa250b94c9bee424a69463"
"222fd80282b4b53ba4affcabaaea6b31","85089552b825fd51a0692a1fc8b47b2e"
"2451b9756f310d4cff5c7987b393870d","ecbaf1fce7d2c09bfab46f89065afeaf"
"8c6a3fab1ed272b02f23bb7dc9061d9a","72906dc18cd7aaed26be40c859613c65"
"0544030711e50ec2cb6c15764d22891a","dc7a14d3e1984bfc11b484b841697096"
"2fcdb0c004a2a538d3dd724ea76916bd","4c4bc2df56b20a1bc3749622240a427f"
"2fcdb0c004a2a538d3dd724ea76916bd","33763e6ea36a4a0087d02e5945ff2ac5"
"984b006a1482a4e7916421a663b1e800","c99a4b57e816d8512107ba7e22595cc7"
"ec0dc4b572563095782c3e96a9f4d205","5ccf9e14796ecb4f98ce11d896e9f0c0"
"ec0dc4b572563095782c3e96a9f4d205","9216f81424452eb18e3ad1bb6f4a5028"
"39948b49e7e68844f9f5a31d12a3c4c6","71c578d79c27a6b55335ac05d30f0cd5"
"39948b49e7e68844f9f5a31d12a3c4c6","bf796bbf98859accfb3e19189995b931"
"40ea731f6fa10cf721b503b64f3b178e","50134208a6947de1580ed3f0106ea24e"
"013056cfe49763c6f66bda03396c5ee3","73413b847f63e02bc752b364f6d05ee9"
"65fa0c3f03d571db6d7c52f069c1fb15","770faa71525d4c7b82eefe9c90ab74a5"
"500aced6001e75a49db10f0ae54f94f1","176a37898b45f9db0b8de7641973bf53"
"500aced6001e75a49db10f0ae54f94f1","50268520bc6b08090e7130a5a75f9631"
"bb874c45df1a3c97842d52f31efee99a","a05a89a9daa1ef53175c02ff565ce0b5"
"3ee8494bb94ea023beadcd0783c9d8d7","78fec6121d6f0d54bcbb5369004a09ab"
"cd0343141ac675cd40fab2c7fd2e99cc","4d0e6dd087008d1f992d25ef6e1f619f"
"2d4bc14df7f5eaf36d2ef6d9a5b7c0d8","39b4603793c1c7f5f36d809b4a218664"
"2d4bc14df7f5eaf36d2ef6d9a5b7c0d8","38821b5c496b678cf91acc34892805ad"
"3dddd02cc38fbaa0a544a1e928aee40e","32bfc824c23129068e5261d3e850b0dd"
"765d8e5f6a9d496c895d21bb271ff1e8","ee40ec76a6566abad15cb95596544d9e"
"60f6e33dc906f7b5b4f5096f979ab9f6","4b17beb9e003b44fdd0a773763cdaec4"
"32b1d3f7e7a0149ea3c10792131839d5","13b2872ada20991c4f52ccb141cb1705"
"d868cf92a5a1305fc7277c60062e81ac","d6de9b9a11c919860b73e5b421d1ec46"
"9c54a1816e487456bb7eb5082b9823ff","b5c66480c76e304e904cf9c16a883113"
"14fdbdfb8a3c7657649abbc004c434c5","76bea9c81fcf08bfb8e6c21e25a4976e"
"061f2692f309a270bc04537e0a2508bb","a20c24976e5130fdc8ac993ecd6b649b"
"0db395d667c4793655380026bad4a072","9979f9019b0fb7755be14008181a96be"
"14fdbdfb8a3c7657649abbc004c434c5","45492b637a77865609f86bb4b99ed6d9"
"1d297b4800ed1a3c5b0944d84c01ee99","62c7722239b976d943ec0d430cfe890e"
"1d297b4800ed1a3c5b0944d84c01ee99","e17c3b2f8e99c2094d21a3998b671448"
"ce5ac3d77cca9ee37ace392eb33cee3f","3cd0cdb556ae14cfc2d463954c86aff4"
"4f8d2bf1636e6c775fbfb0d824880893","b10bf5bceb43b520dd47eb94e0543618"
"f474a46ca16058fe246cdabe215c66da","667dd2be07177cdc16741b47c0ca0311"
"e4fbee33c090a0bb7899c33f71539524","22a299893c5cee48be41d8fab8804e6e"
"bfce66de4bbac659ab1d0763b8796a58","e8b0e8aa4aa6bc43fc936579da18787c"
"94f522c26f2681ad053b999e34e7b317","c210b6e904e3c7c34ff91fca84356431"
"86e806df199739693f45c9cd596771ea","503f74ff295077771fc38f47e8d2764d"
"1aa720b6963ff9b4b5bff9bc48b49a89","b80a2066c15ae9f2d92836a92cfd8cc5"
"cffa313cdff9d1f11d1a4d18be00369f","601798aaf8bd13bdb3b80732a36b13c8"
"ed273ac994e955e0c775eccb0a6512c0","c0e575f814bb8935cf171e3d84abe63b"
"bb112b59b8f03e372acab987c036fbf3","2c264ab8b6507895fa712c330da4fdc0"
"2fc78ee4879da5d18bf637e3053e4fc4","4704512417853a7c4d671e2053fbff60"
"bb3b63f8a09bf476fd524c44fb767a31","1442a23fe4555fda0f7c7eb7ba5ae3b1"
"fa5d6b6dd3a9ed01e21e57c5918e15cf","ef60daa08e71f279bffca277370f205f"
"7e3e92dc3eaf5389f32da97228f7dd0e","9bd0077d08645b60245d5f6b8896bbd7"
"f318811b0fd898d1edf78d6841470be2","0498e9722f8757426c3c3ee0b91e666d"
"24a562b69731cbec7439c1752c500f82","97611a5acbeac2d3adb5a731bad57eb2"
"441c5a5da055ac9043e37bc8b976654f","29c55c384cbf612e098a1734a42592d4"
"81c2d284094f3b39baddefb519a30149","0c8e7347f1cdd2aede37371543e3d163"
"1aa297bbbaf5713012d3a1431645b2b4","875d4ac395bbe012ffeb7259b08aaa00"
"04c3bddd55df58e83123e3b174855489","105facb42b5b9147996f0b1b6fbf7b80"
"9e119efc7690fb6c238eca967793fd34","56647f8fbe7430f42719c0510d99e636"
"7720e8564b9fee98c22438680fa85cfb","17939259ccc419f355fb4a148151fb00"
"b61a2f7167a516d76088020bc63b4f7b","0f45a7a6cab5ac1c9cc25ce1eb2357d2"
"2b745ccd6f667dcd824b9ab05352b0dc","ada4308966378d943dcce63d15f385b6"
"15fc22aad8d1b227891ce61eff4128cd","bfed2e1c78028675ccb4a4dfbb8d5335"
"81710e0039b0dcda11c1f114e3dda5cf","db90ab0ea5d97cbfa75cb66ea71013cc"
"c5dd7d8ff84739ecc6526d97ee22f784","b50b479cf97c8998967015fac6825c58"
"a6e164bcfe0ced3f1ce18e4c42202820","e06bce36254ded26a11fe556ef6e61ed"
"f93a732712407c02dce5dd5088d0f47b","0174caf0ee5964646040cd94e15ac95e"
"03c939fd7fd3b38f8485a0f95798f1f6","f4bb9d6dd4fb6dcc2298f0e7b17b8e1e"
"18fdcbdf78e62bac03cf30b6b9398087","94a66e984d861076b3fba9a0902682a5"
"18fdcbdf78e62bac03cf30b6b9398087","12476f0c366e9de86c46fbced6372d92"
"4f173306347cca2ee2a05590d617854a","eb8d43b4f99e45d3c7a08abd8ef1ff41"
"8e17072ec97ce29f0e1f111e598b0c85","2d6ac45f859465b5c185274a1c929637"
"b91486041622a3542a1c4b44865a4eaa","9840563f4c2189d0a14431a79cd92b16"
"2e22dc2fce65e5b9d73a11d717f41724","c557f1f8cc26c5d4acc80a7d850c1305"
"30143cbe639436a82c4936717cc5ecb6","cdaf2794e96fd94fa8bdfb57b7115797"
"c91e35b238a6f290a0ab89a40287fc40","a7bff3d04efb15f2623d790a97678437"
"af74613502131dd6a43380df619a57ab","ad0c2be55c28135fa823e4ae454e6426"
"355b3b76919942127a5b1adf689f1f2f","e5e754c5f1711d0616e9073bc59db5a9"
"0f2335c85eae6c232fa46499d5e1e3d2","48198628b2d43ed394089750acc59c3f"
"6e4a67f3a94e46e6cc5af48093d14127","43a8434857dbf1118c88adfd7773f67b"
"220e48b13b356b314da2cbc5f1dbfccf","ad3f9e9799311af6791551c7eef23c3f"
"4a62fb19d5fa08fb514619dfcc617b3d","a935b3d67f406bac4853776d80a05220"
"fdf7396bbd1e126f45ba0fc3896360a7","10bca0461c36ef14701fa28971d0cdb5"
"5a8b1c05111ba4fc4dfc6b9627ee177a","f4870fa4839bbc586c475dc6a020467c"
"64f2e9aa85911b6a48e3d11ef05b73c7","34f483bf183f8b73aa2d672913bf2665"
"c7c28a159a907d1d0ff580856daffa72","c991e01d089faa3e408dba9f448f7dc1"
"d81f982649f082683c9221af29ba1b51","882ca0d267d584ea804cdc36edf9307d"
"338d2237cff9d84c960705a68b88c638","58f9cb8d071bee7afeed8f986ca6dcc7"
"57a7b18332c1b9b26d96e35379af3a38","e5b48a584cec8406e2722967491b4627"
"81947fd909118ca9f929a299e6eecdd2","c3ffb954e20fbd88b6c5414d49c6ccee"
"b8fdf0a70040d5461adca8f95ba4171a","854ce3274684322d2ad677b5246530c0"
"b115422b830bf2840fccf6f0d6678ab2","8b8f495d30fca09fdc8312e96de1bc47"
"1f759fd184ad08e54531343b16330c03","41db81cd434405d8fbaa0d80ec2d0d75"
"6ca46f2b9a1592929647682510800e0e","6efce984242ca6456d74750810733a03"
"d351ad232c9e018edafa9f34f5d03e63","fbb7c6f69326ad5bf986c099bedefdb4"
"0c995611a99f81268d859184a416f1db","0467560f511c516ddaa54a60edb0c291"
"c5f8296baf77d395952fac57effcbf47","be96880817b432a0cc5fd6083d521c10"
"97aeae7e7b1d8a32cf3f26c3946eab1d","b370661a9286b652f0ee547c13cb03d1"
"4fafa25ee16300a26f7ef92f3d15b58b","b3cd01e7b091cf09f9bd2fff507e7d7e"
"91aaaf219275f612b65aa7eeee4e6cff","34fd85f78afc5ef394e8c14630a9975b"
"40c8d67fd240c45c8d7b082a8ab8d9bf","e4e50748d2d683f0d3de0b2089265b22"
"c4f710df20f7d1500da1aef81a993f65","f24e1946d658c13928818f1a73b6d899"
"c4f710df20f7d1500da1aef81a993f65","87159a093663b2a1bb847dbb84879c41"
"629a311d2d78caf11bd453dd536c6da2","a6746b91845b359b55fc7993c30560d9"
"7af7e9221757663bb19abb52d6acebf9","348f6373b7a445885d64a4d8dc9d5c21"
"687297c4cb20d6fad502624bed7376ec","7598ed9deff447145b4565d21582aabd"
"7c70f1c05b2c170358a1765511517175","724539bf8668b7cf318df67996dc8718"
"2daee070f2042c8b7a8e9fdde778a31a","b06f6882b1c0bc82ddf057b58b86fe50"
"1536003b9af6a526e0d02b8cd13fd2af","6cc9ffe1e6e48b2196bef31822c3040f"
"2c9e6deaeeff1f3e721f241df5eabba0","ad5b5b2868cf74d9d9718095c982a341"
"2c9e6deaeeff1f3e721f241df5eabba0","82473e05c5914d11febd344166d93976"
"a7dbcf5043158d6fa72859eead2f3d10","44d1e9165ec54b1d89d33594856af859"
"a7dbcf5043158d6fa72859eead2f3d10","4b260124c37fa1631a516b19eeee2558"
"f1a8e3250a46ef66707b6b0e103c3140","9b8b92180c3df43693e67fd100605a9f"
"745eef172f0256cfaf464e7723693fe0","ce6eddef08f38a18733269af3f4a647b"
"022b1f3510a95b396431fec95f5de236","9ab0b4714556d539f954a0f1afa673e9"
"6b3b0b39d2a619fa308f4606d780af2c","8a32bbfeffe9ba81e9830a67878d1398"
"7efd95780798d3826acbaafd16953320","875f18c7bc42c18b45a34270e327102b"
"0e3e431534069e8ac235c637dfb199d8","ae57754056fd9da5389d1b1a43ab0983"
"8ab698a9cb0d97ba97d4626a7534273e","e23230ec5f20c52dc6b9f7b26b791c4b"
"9b8ac5a3f09f1af11380aa4451dc2ac4","3a5a10d592a6e639cdb9330c9e6d2a87"
"29d81fbe3a3300902407cf57272030c6","bca38c512f13edb4ca30e91030763748"
"7f13a20e25350f4a55fb2a7c9a2e8d88","19d60869413aa63834affc9ecc9d9f90"
"8d42bc7cf9914679406f48db0e05e571","0a3b875d00f437f25215e0ac942efca2"
"8d42bc7cf9914679406f48db0e05e571","3390d5f386750545dba5deea21fbde3b"
"70265e39902a914077a038864209d3c6","ce78834d279d1ef82c477f40ce51fdb7"
"c997b91dc02adbde398d66a919a15a81","35ea4812defd2237d95634c55355d5a0"
"3d237fd98f6bc4d3fd3a0eadda50b2a6","327dd7532064a959eaf7d8d4ac565b0b"
"43de756a962b59796a31a894bf9b37df","988f510e4dc95095d23bd3eecd9087bc"
"2f8faef508a5a7ba5de0b455cd768da8","bff91b51121145df3db3813f460ef27c"
"9d32c5c773eba34ff2453be229a53ca9","4ba5b0ecd10c4a46a58493b5ab2547f6"
"5bd39e6a06371941eb585cbe79b41efc","8de59983eadc752efaf5e7c5b4b46787"
"2011387fcf68d0d56838be05771c4db8","f8486e968d32567be637dd415cce297b"
"07f6c3baf9ac86865b60f640c4f923c6","f72dc5627bd78fb840c136295ae345f5"
"9c9c501f71dcf81d14d006826972733a","8a90511249a72061a421c9bbb7a6f45f"
"4d808ed2901ed7dfebbb74bf1cbb74f6","3415c9f764e478409e8e0660ae816dd2"
"b2072c2ef2726db9126e404a9e486365","0ec0f24aa34a9b25fb0f7b32034965ce"
"d0f706ec8a0d8cd8b1733c1f2f7f4701","ae8edfd6760a9a44409dea41ec266d5a"
"96f5be02bc9ffc589f3274500a64a7e2","ce1c2770d9a0f9e3742fc266bd52f4ff"
"53bf51495103abe64e330f5360456ca0","b862141e62ede6da3cb894b414ec715a"
"ca263afd88a8a1200605adbd4b63cd7d","3d163199153af414059e6cfabc09a0fd"
"ca263afd88a8a1200605adbd4b63cd7d","19194f53840fc6c2857dd8809972a209"
"03fa3f4dec4b3647d00532079f723fec","ed572527a5e73f537301486af48a9fe4"
"2792c4f95b24c1a72641cd404561bdd8","baae768ad05f6070e4fed9c3cd512908"
"e7d9d1c03c10e6edb7aa4a91581cf871","31ee4a2b86d784bc87859808b6f3daf3"
"2b0e07b3ff6d3a2db9405022edc865c2","f6a856dbc72d2a8bb09d860da9215545"
"4c888e6e352d77cd1e8beea1f03985b7","6e4344680dbd30c75f78394e0dcfffdf"
"b2b8934746a9afa7b38c8c1f88268ecb","e6acae33a98861be63cf635525330891"
"8265a551f1441d4dd75468036a7a5020","8fc3ad1229b19f354e7996b447111458"
"8265a551f1441d4dd75468036a7a5020","9a6903152df5382a641ed1a3bb093ed2"
"440fd902b617080eeb9463a65ffae07a","11912dbae5f169782098a20fc51c0b33"
"9add7e9338f3b8cac642ce405bb64655","beccbb4090fe3922b02416ec4f1c6280"
"b58c726e8f5ba3196c593b1837d25744","778826f9af6467ff6268bbcf436cd3c5"
"391cbfa45cfc95e90b2168e5afe04b25","65d0c6182ac939c3f1bd8fa7b988d84c"
"38a205d16aa85ec7daa30215713cbef8","53bc8e44d08f9b9422623f05b80557eb"
"236ff4e9c2ed220ff9d4186b729379b8","5f35bbde2b32b8617aab15b7a9a0ae24"
"1f4409e522bbd17f0fcc7b9d1409fe8c","b74cba1fc2734020bb720f277821fbcc"
"1f4409e522bbd17f0fcc7b9d1409fe8c","28ab5f5b112efe2a2f4582bf4d070485"
"9db84495f43c7c241929f3c0380dc27b","9a07cb8136a1792e7984d827e2336d60"
"48d94e7406a8d5cbf7505590d86ff0ea","d25026282e14fc531f0711246e121cc2"
"d2e1e475eb8219af9fae283307d88860","bee3c76b6017ec9deaeef78bd5dbef21"
"ba7243ecb3b63c80579ba1d4c34e277c","e7525e7024b45b94e8717a443bca7c80"
